id,title,releaseTear,img,genres,rating,ratingCount,clasification,duration,members
"tt0111161","Cadena perpetua",1994,"https://m.media-amazon.com/images/M/MV5BMTA1MjE0Nzk4MDleQTJeQWpwZ15BbWU4MDA0NjIxMjAx._V1_.jpg","Drama",9.3,3073957,"13",8520,"Dirección:  | Reparto principal:  /  /  / "
"tt0068646","El padrino",1972,"https://m.media-amazon.com/images/M/MV5BNTljNjllNDAtMzc0MS00ZGExLThlOTktOTRlNzc3YjA3ZWFlXkEyXkFqcGc@._V1_.jpg","Crimen, Drama",9.2,2144424,"18",10500,"Dirección:  | Reparto principal:  /  /  / "
"tt0468569","El caballero oscuro",2008,"https://m.media-amazon.com/images/M/MV5BMTMxNTMwODM0NF5BMl5BanBnXkFtZTcwODAyMTk2Mw@@._V1_.jpg","Acción, Crimen, Drama",9.1,3048178,"13",9120,"Dirección:  | Reparto principal:  /  /  / "
"tt0071562","El padrino parte II",1974,"https://m.media-amazon.com/images/M/MV5BMjQ5MzQxZTEtMmE1Yy00NjZlLTk5ODItNjI3MWIxMjk1M2U5XkEyXkFqcGc@._V1_.jpg","Crimen, Drama",9,1442445,"18",12120,"Dirección:  | Reparto principal:  /  /  / "
"tt0050083","12 hombres sin piedad",1957,"https://m.media-amazon.com/images/M/MV5BYThhOGFhODktNGEwNi00MzY2LTg3YWYtNzAzZTE0MTFlMWQxXkEyXkFqcGc@._V1_.jpg","Crimen, Drama",9,938584,"A",5760,"Dirección:  | Reparto principal:  /  /  / "
"tt0167260","El señor de los anillos: El retorno del rey",2003,"https://m.media-amazon.com/images/M/MV5BZGEzZDkzNDgtMGMzZi00NjNhLTliNWMtMTllYzQ2OTQwNGFkXkEyXkFqcGc@._V1_.jpg","Aventura, Drama, Fantasía",9,2094271,"13",12060,"Dirección:  | Reparto principal:  /  /  / "
"tt0108052","La lista de Schindler",1993,"https://m.media-amazon.com/images/M/MV5BZWUyNTJmOTMtZGM4MC00NWE2LThmZTUtZWE1NGM2YzYwZjRlXkEyXkFqcGc@._V1_.jpg","Biografía, Drama, Historia",9,1536298,"13",11700,"Dirección:  | Reparto principal:  /  /  / "
"tt0110912","Pulp Fiction",1994,"https://m.media-amazon.com/images/M/MV5BMzNlNGRkZWYtNmE0Yy00NjQyLWFmMzItYWY5NGM2YWU4OWYwXkEyXkFqcGc@._V1_.jpg","Crimen, Drama",8.8,2354144,"18",9240,"Dirección:  | Reparto principal:  /  /  / "
"tt0120737","El señor de los anillos: La comunidad del anillo",2001,"https://m.media-amazon.com/images/M/MV5BNDM0ZTRjNDAtMWFiOS00MjZiLThhZjYtNGQ0ODQ5MGE3Y2Y0XkEyXkFqcGc@._V1_.jpg","Aventura, Drama, Fantasía",8.9,2126276,"12",10680,"Dirección:  | Reparto principal:  /  /  / "
"tt0060196","El bueno, el feo y el malo",1966,"https://m.media-amazon.com/images/M/MV5BN2FmNmM5OTUtODEwMC00NDE5LWI4ZTUtZTg1ZmZlYjVjN2EyXkEyXkFqcGc@._V1_.jpg","Aventura, Drama, Del oeste",8.8,862495,"14",10920,"Dirección:  | Reparto principal:  /  /  / "
"tt0109830","Forrest Gump",1994,"https://m.media-amazon.com/images/M/MV5BOWQ0NzQ5MDItYTA3Yy00Y2ZjLWFlMGQtNjcxYzU4MWM3NzFmXkEyXkFqcGc@._V1_.jpg","Drama, Romance",8.8,2400660,"A",8520,"Dirección:  | Reparto principal:  /  /  / "
"tt0167261","El señor de los anillos: Las dos torres",2002,"https://m.media-amazon.com/images/M/MV5BNjJhZjZlNjktZTEwYi00MmMwLTgyYTgtYmMyMmRlOWMzNmRjXkEyXkFqcGc@._V1_.jpg","Aventura, Drama, Fantasía",8.8,1888842,"13",10740,"Dirección:  | Reparto principal:  /  /  / "
"tt0137523","El club de la lucha",1999,"https://m.media-amazon.com/images/M/MV5BZjA1YzQ3MDktYzRjMi00NWQ0LWFhYWYtZGMyODcwNGEwZjNmXkEyXkFqcGc@._V1_.jpg","Crimen, Drama, Suspense",8.8,2492348,"18",8340,"Dirección:  | Reparto principal:  /  /  / "
"tt1375666","Origen",2010,"https://m.media-amazon.com/images/M/MV5BNTQxYmM1NzQtY2FiZS00MzRhLTljZDYtZjRmMGNiMWI3NTQxXkEyXkFqcGc@._V1_.jpg","Acción, Aventura, Ciencia ficción",8.8,2708617,"12",8880,"Dirección:  | Reparto principal:  /  /  / "
"tt0080684","El imperio contraataca",1980,"https://m.media-amazon.com/images/M/MV5BZWQyNTJkMTAtZWQ0Zi00NGFlLWI2ZDktNTA4MzM5NDQ0MTk4XkEyXkFqcGc@._V1_.jpg","Acción, Aventura, Fantasía",8.7,1456035,"A",7440,"Dirección:  | Reparto principal:  /  /  / "
"tt0133093","Matrix",1999,"https://m.media-amazon.com/images/M/MV5BNGE1YzI4NzMtZTUxNi00Y2I5LTg2MmQtODE0NThmYTFmMDk0XkEyXkFqcGc@._V1_.jpg","Acción, Ciencia ficción",8.7,2172325,"18",8160,"Dirección:  /  | Reparto principal:  /  /  / "
"tt0099685","Uno de los nuestros",1990,"https://m.media-amazon.com/images/M/MV5BYTE0MmJhNGUtZDI5My00YThhLTk1NmItNDExOWUxMjg1YzUxXkEyXkFqcGc@._V1_.jpg","Biografía, Crimen, Drama",8.7,1338773,"18",8700,"Dirección:  | Reparto principal:  /  /  / "
"tt0816692","Interstellar",2014,"https://m.media-amazon.com/images/M/MV5BYzdjMDAxZGItMjI2My00ODA1LTlkNzItOWFjMDU5ZDJlYWY3XkEyXkFqcGc@._V1_.jpg","Aventura, Drama, Ciencia ficción",8.7,2376222,"12",10140,"Dirección:  | Reparto principal:  /  /  / "
"tt0073486","Alguien voló sobre el nido del cuco",1975,"https://m.media-amazon.com/images/M/MV5BYjdkNjdlNDgtZTM1My00YzEwLTk5YjItYjE3YzllZTViNTVlXkEyXkFqcGc@._V1_.jpg","Drama",8.7,1125417,"18",7980,"Dirección:  | Reparto principal:  /  /  / "
"tt0114369","Seven",1995,"https://m.media-amazon.com/images/M/MV5BMjk4YWQ5YTItZTk2OS00MTcxLWIwNjctZjE3NzNhNjQzZjI2XkEyXkFqcGc@._V1_.jpg","Crimen, Drama, Misterio",8.6,1930752,"18",7620,"Dirección:  | Reparto principal:  /  /  / "
"tt0038650","Qué bello es vivir",1946,"https://m.media-amazon.com/images/M/MV5BNzg5YjAwODItZmNiNC00OGEwLWIzYmMtNzc3ZTc5MmM4NDc0XkEyXkFqcGc@._V1_.jpg","Drama, Familiar, Fantasía",8.6,531630,"A",7800,"Dirección:  | Reparto principal:  /  /  / "
"tt0102926","El silencio de los corderos",1991,"https://m.media-amazon.com/images/M/MV5BOGZiZjYxY2UtNDE5YS00NzcwLWI0NmItNjcwYThkOWMwYTdhXkEyXkFqcGc@._V1_.jpg","Crimen, Drama, Terror",8.6,1650706,"18",7080,"Dirección:  | Reparto principal:  /  /  / "
"tt0047478","Los siete samuráis",1954,"https://m.media-amazon.com/images/M/MV5BYzc0ODMyMzctZTA5Zi00MGZhLWE0NTItZjJhOTE3OWMxZjBlXkEyXkFqcGc@._V1_.jpg","Acción, Drama",8.6,388411,"A",12420,"Dirección:  | Reparto principal:  /  /  / "
"tt0120815","Salvar al soldado Ryan",1998,"https://m.media-amazon.com/images/M/MV5BMzU0YTgzM2EtYWNmMy00NWM1LWE0NTMtYjFhZDNlMDU1NWJmXkEyXkFqcGc@._V1_.jpg","Drama, Bélico",8.6,1582874,"13",10140,"Dirección:  | Reparto principal:  /  /  / "
"tt0120689","La milla verde",1999,"https://m.media-amazon.com/images/M/MV5BM2VlMDA2NWYtYzQxZi00NGIyLTk0OTYtMGY3ODFmOGFhMTI3XkEyXkFqcGc@._V1_.jpg","Crimen, Drama, Fantasía",8.6,1499632,"13",11340,"Dirección:  | Reparto principal:  /  /  / "
"tt0317248","Ciudad de Dios",2002,"https://m.media-amazon.com/images/M/MV5BYjY4NGI5OTUtY2ZlZS00Zjk4LTk5N2MtN2JmYWVjNGNmMGRlXkEyXkFqcGc@._V1_.jpg","Crimen, Drama",8.6,844010,"18",7800,"Dirección:  /  | Reparto principal:  /  /  / "
"tt0118799","La vida es bella",1997,"https://m.media-amazon.com/images/M/MV5BNTZhN2IwZWUtNTI2Yy00OWNjLWExZmYtOGMzN2M5NTE1MzM1XkEyXkFqcGc@._V1_.jpg","Comedia, Drama, Romance",8.6,784814,"A",6960,"Dirección:  | Reparto principal:  /  /  / "
"tt0103064","Terminator 2: El juicio final",1991,"https://m.media-amazon.com/images/M/MV5BM2U1MTc3M2EtYzhjYy00MmRkLWExZDEtZmI0OWNjMTFkODlmXkEyXkFqcGc@._V1_.jpg","Acción, Aventura, Ciencia ficción",8.6,1242735,"18",8220,"Dirección:  | Reparto principal:  /  /  / "
"tt0076759","La guerra de las galaxias",1977,"https://m.media-amazon.com/images/M/MV5BNGU3YTdiM2EtY2Y3MC00NTIzLWEzYzYtM2IxZDNhZjkwNjU1XkEyXkFqcGc@._V1_.jpg","Acción, Aventura, Fantasía",8.6,1522993,"A",7260,"Dirección:  | Reparto principal:  /  /  / "
"tt0088763","Regreso al futuro",1985,"https://m.media-amazon.com/images/M/MV5BNzVhMDRlMzctMjgxOC00MDllLTkzZWUtZTk4ODgyNDgwZTBmXkEyXkFqcGc@._V1_.jpg","Aventura, Comedia, Ciencia ficción",8.5,1391208,"A",6960,"Dirección:  | Reparto principal:  /  /  / "
"tt0245429","El viaje de Chihiro",2001,"https://m.media-amazon.com/images/M/MV5BMWI1OTdjN2EtOGUxYy00ZDBmLWFlNzAtNmRkZjhiMTIzOTNhXkEyXkFqcGc@._V1_.jpg","Animación, Aventura, Familiar",8.6,921396,"A",7440,"Dirección:  | Reparto principal:  /  /  / "
"tt0253474","El pianista",2002,"https://m.media-amazon.com/images/M/MV5BMjEwNmEwYjgtNTk3ZC00NjljLTg5ZDctZTY3ZGQwZjRkZmQxXkEyXkFqcGc@._V1_.jpg","Biografía, Drama, Música",8.5,976467,"13",9000,"Dirección:  | Reparto principal:  /  /  / "
"tt0172495","Gladiator (El gladiador)",2000,"https://m.media-amazon.com/images/M/MV5BZDZlZjY4NGMtNWIwNC00OWVhLTkyMmUtODI5ZDY4MmFhODllXkEyXkFqcGc@._V1_.jpg","Acción, Aventura, Drama",8.5,1777896,"13",9300,"Dirección:  | Reparto principal:  /  /  / "
"tt6751668","Parásitos",2019,"https://m.media-amazon.com/images/M/MV5BYjk1Y2U4MjQtY2ZiNS00OWQyLWI3MmYtZWUwNmRjYWRiNWNhXkEyXkFqcGc@._V1_.jpg","Drama, Suspense",8.5,1082289,"16",7920,"Dirección:  | Reparto principal:  /  /  / "
"tt0054215","Psicosis",1960,"https://m.media-amazon.com/images/M/MV5BOTUxZGRkZjQtMGFjOS00YTZkLTg5MmItOGRhMjE3YjQyMjBmXkEyXkFqcGc@._V1_.jpg","Drama, Terror, Misterio",8.5,758715,"16",6540,"Dirección:  | Reparto principal:  /  /  / "
"tt0110357","El rey león",1994,"https://m.media-amazon.com/images/M/MV5BOTk0YjM0YmMtZTNiOC00ZjU5LWEzNmUtNTRiYzAxMTg0MzVkXkEyXkFqcGc@._V1_.jpg","Animación, Aventura, Drama",8.5,1213585,"A",5280,"Dirección:  /  | Reparto principal:  /  /  / "
"tt0095327","La tumba de las luciérnagas",1988,"https://m.media-amazon.com/images/M/MV5BOTBlY2ViYmQtOWIzYy00NDRjLTg4ZDgtNWJiYWU1MjNlMDcwXkEyXkFqcGc@._V1_.jpg","Animación, Drama, Bélico",8.5,356081,"13",5280,"Dirección:  | Reparto principal:  /  /  / "
"tt0407887","Infiltrados",2006,"https://m.media-amazon.com/images/M/MV5BYjhhMWVjMTUtM2EyMi00ZTU4LWIzNmYtZjMyNzJiMmZjMWRmXkEyXkFqcGc@._V1_.jpg","Crimen, Drama, Suspense",8.5,1500019,"18",9060,"Dirección:  | Reparto principal:  /  /  / "
"tt2582802","Whiplash",2014,"https://m.media-amazon.com/images/M/MV5BMjM0NmUzOWUtN2I0Mi00NTRiLWJmNzItZDE2YWIwNDIwNmEzXkEyXkFqcGc@._V1_.jpg","Drama, Música",8.5,1088102,"12",6360,"Dirección:  | Reparto principal:  /  /  / "
"tt0056058","Harakiri",1962,"https://m.media-amazon.com/images/M/MV5BZThiZjU5ZDQtZDI4Mi00ZGYyLTkzOTktYmIzZTFlZTkxYzg5XkEyXkFqcGc@._V1_.jpg","Drama, Misterio",8.6,81651,"13",7980,"Dirección:  | Reparto principal:  /  /  / "
"tt0482571","El truco final (El prestigio)",2006,"https://m.media-amazon.com/images/M/MV5BMjUxYzNmOWItZjc1NS00OTUxLTgzODEtODU2NGEzMDJmYWFjXkEyXkFqcGc@._V1_.jpg","Drama, Misterio, Ciencia ficción",8.5,1528408,"18",7800,"Dirección:  | Reparto principal:  /  /  / "
"tt0120586","American History X",1998,"https://m.media-amazon.com/images/M/MV5BMjU3OWQ2MWQtZTMzNS00MGRjLWE3MmQtZmQ1Mzc0MGY3NmQyXkEyXkFqcGc@._V1_.jpg","Crimen, Drama",8.5,1239100,"13",7140,"Dirección:  | Reparto principal:  /  /  / "
"tt0110413","El profesional (Léon)",1994,"https://m.media-amazon.com/images/M/MV5BNGRkYTNhOWQtYmI0Ni00MjZhLWJmMzAtMTA2Mjg4NGNiNDU0XkEyXkFqcGc@._V1_.jpg","Acción, Crimen, Drama",8.5,1311892,"18",6600,"Dirección:  | Reparto principal:  /  /  / "
"tt9362722","Spider-Man: Cruzando el multiverso",2023,"https://m.media-amazon.com/images/M/MV5BODRiZGQyOGEtZWE1OS00MjQ2LWFiNzUtNjgxMDg3MmM0MDNhXkEyXkFqcGc@._V1_.jpg","Animación, Acción, Aventura",8.5,469155,"7",8400,"Dirección:  /  /  | Reparto principal:  /  /  / "
"tt0034583","Casablanca",1942,"https://m.media-amazon.com/images/M/MV5BNTcyN2YzOTAtNDgyNi00YzA2LWIzOTAtNzg0ZjUyNjMzYWIyXkEyXkFqcGc@._V1_.jpg","Drama, Romance, Bélico",8.5,636675,"16",6120,"Dirección:  | Reparto principal:  /  /  / "
"tt0095765","Cinema Paradiso",1988,"https://m.media-amazon.com/images/M/MV5BMTljNzc4YWEtYTZlMS00ODMyLWIwMTAtNWQxY2VkMDEwYTk5XkEyXkFqcGc@._V1_.jpg","Drama, Romance",8.5,304344,"A",10440,"Dirección:  | Reparto principal:  /  /  / "
"tt0114814","Sospechosos habituales",1995,"https://m.media-amazon.com/images/M/MV5BMDliMWJiOTItOTUzNi00YjdmLTgxYzItZjQyYzU1NmZhZTdiXkEyXkFqcGc@._V1_.jpg","Crimen, Drama, Misterio",8.5,1197998,"18",6360,"Dirección:  | Reparto principal:  /  /  / "
"tt1675434","Intocable",2011,"https://m.media-amazon.com/images/M/MV5BOWFmYzhiODMtZjYzOC00MTgyLWFkN2MtM2VlMDgwMzdkNGNkXkEyXkFqcGc@._V1_.jpg","Comedia, Drama",8.5,987277,"7",6720,"Dirección:  /  | Reparto principal:  /  /  / "
"tt0078748","Alien, el octavo pasajero",1979,"https://m.media-amazon.com/images/M/MV5BN2NhMDk2MmEtZDQzOC00MmY5LThhYzAtMDdjZGFjOGZjMjdjXkEyXkFqcGc@._V1_.jpg","Terror, Ciencia ficción",8.5,1024698,"16",7020,"Dirección:  | Reparto principal:  /  /  / "
"tt0027977","Tiempos modernos",1936,"https://m.media-amazon.com/images/M/MV5BMjZmMjA4OGQtNjFmZi00ODE1LTkzM2QtYzg4OTM4ZDk2YzNkXkEyXkFqcGc@._V1_.jpg","Comedia, Drama, Romance",8.5,275374,"16",5220,"Dirección:  | Reparto principal:  /  /  / "
"tt0047396","La ventana indiscreta",1954,"https://m.media-amazon.com/images/M/MV5BMjFlZmQwNjUtYTJlOC00MjBiLWE2YTQtMDk1ZGM3YWJmZThmXkEyXkFqcGc@._V1_.jpg","Drama, Misterio, Suspense",8.5,551830,"16",6720,"Dirección:  | Reparto principal:  /  /  / "
"tt0064116","Hasta que llegó su hora",1968,"https://m.media-amazon.com/images/M/MV5BMjEzNjg1NzEwMV5BMl5BanBnXkFtZTgwMTE4OTU0MTE@._V1_.jpg","Drama, Del oeste",8.5,371606,"18",9960,"Dirección:  | Reparto principal:  /  /  / "
"tt1853728","Django desencadenado",2012,"https://m.media-amazon.com/images/M/MV5BMTg5NzI5ODU0MV5BMl5BanBnXkFtZTcwNDcyNDY2Nw@@._V1_.jpg","Drama, Del oeste",8.5,1807361,"16",9900,"Dirección:  | Reparto principal:  /  /  / "
"tt0021749","Luces de la ciudad",1931,"https://m.media-amazon.com/images/M/MV5BNzIwNTQ2MDUxN15BMl5BanBnXkFtZTgwNjU2MjcyMjE@._V1_.jpg","Comedia, Drama, Romance",8.5,208664,"A",5220,"Dirección:  | Reparto principal:  /  /  / "
"tt0078788","Apocalypse Now",1979,"https://m.media-amazon.com/images/M/MV5BNzI4NDNlNjItMzM1Ni00YTA0LThjZTAtOTdhMGYxYmU0NmZkXkEyXkFqcGc@._V1_.jpg","Drama, Misterio, Bélico",8.4,747710,"16",8820,"Dirección:  | Reparto principal:  /  /  / "
"tt0910970","WALL·E",2008,"https://m.media-amazon.com/images/M/MV5BMjExMTg5OTU0NF5BMl5BanBnXkFtZTcwMjMxMzMzMw@@._V1_.jpg","Animación, Aventura, Familiar",8.4,1272112,"A",5880,"Dirección:  | Reparto principal:  /  /  / "
"tt0209144","Memento",2000,"https://m.media-amazon.com/images/M/MV5BYmQ3MjliNjAtNWFiZS00YWI1LTlmZTktMzBiNDE1NjRhZjU0XkEyXkFqcGc@._V1_.jpg","Drama, Misterio, Suspense",8.4,1389522,"13",6780,"Dirección:  | Reparto principal:  /  /  / "
"tt15239678","Dune: Parte dos",2024,"https://m.media-amazon.com/images/M/MV5BNzBiMTQ0YjMtZDRhMC00ZDU4LTk3MDMtNWQxOGMwMjQzYjc4XkEyXkFqcGc@._V1_.jpg","Acción, Aventura, Drama",8.5,650777,"12",9960,"Dirección:  | Reparto principal:  /  /  / "
"tt0082971","En busca del arca perdida",1981,"https://m.media-amazon.com/images/M/MV5BMjhkNDBiMTMtYzNlOS00OTU2LWE3ZGMtZWVmMThkZThjZjMzXkEyXkFqcGc@._V1_.jpg","Acción, Aventura",8.4,1081824,"A",6900,"Dirección:  | Reparto principal:  /  /  / "
"tt4154756","Vengadores: Infinity War",2018,"https://m.media-amazon.com/images/M/MV5BOGVkODYxMDEtODczZC00MjRiLTg3ZWYtZjgzN2QyMDBjZTUzXkEyXkFqcGc@._V1_.jpg","Acción, Aventura, Ciencia ficción",8.4,1303083,"12",8940,"Dirección:  /  | Reparto principal:  /  /  / "
"tt0405094","La vida de los otros",2006,"https://m.media-amazon.com/images/M/MV5BN2Q5M2JhZGItNTg2OC00NjQ1LTllMmYtNWUzODNhMmU3YjcxXkEyXkFqcGc@._V1_.jpg","Drama, Misterio, Suspense",8.4,430543,"7",8220,"Dirección:  | Reparto principal:  /  /  / "
"tt0043014","El crepúsculo de los dioses",1950,"https://m.media-amazon.com/images/M/MV5BZjNmY2FhZDUtNzMxMS00ZDFiLTlhMzEtNTBmZjUwMTIxMzQxXkEyXkFqcGc@._V1_.jpg","Drama, Cine negro",8.4,250849,"Apta para mayores",6600,"Dirección:  | Reparto principal:  /  /  / "
"tt4633694","Spider-Man: Un nuevo universo",2018,"https://m.media-amazon.com/images/M/MV5BMjMwNDkxMTgzOF5BMl5BanBnXkFtZTgwNTkwNTQ3NjM@._V1_.jpg","Animación, Acción, Aventura",8.4,742038,"7",7020,"Dirección:  /  /  | Reparto principal:  /  /  / "
"tt0051201","Testigo de cargo",1957,"https://m.media-amazon.com/images/M/MV5BMzEyYzNjOTktMzI5YS00MzQ4LThlOWYtZmQ4OGI0ZDk3YmVmXkEyXkFqcGc@._V1_.jpg","Crimen, Drama, Misterio",8.4,151964,"A",6960,"Dirección:  | Reparto principal:  /  /  / "
"tt0050825","Senderos de gloria",1957,"https://m.media-amazon.com/images/M/MV5BZjg0MWJjM2ItYzNjZS00MTkyLThiNzAtOTlmZGZiZWE5OWJhXkEyXkFqcGc@._V1_.jpg","Drama, Bélico",8.4,228324,"A",5280,"Dirección:  | Reparto principal:  /  /  / "
"tt0081505","El resplandor",1980,"https://m.media-amazon.com/images/M/MV5BNzMxYWI2NWUtNTQzOC00YTk0LTg2YmUtNmU2NzZkZmJjZWU2XkEyXkFqcGc@._V1_.jpg","Drama, Terror",8.4,1176760,"16",8760,"Dirección:  | Reparto principal:  /  /  / "
"tt0032553","El gran dictador",1940,"https://m.media-amazon.com/images/M/MV5BYjgwYmEwMTYtZTc4Mi00NmRmLWI0OGMtNGExM2ZlYzMzZTc2XkEyXkFqcGc@._V1_.jpg","Comedia, Drama, Bélico",8.4,250603,"18",7500,"Dirección:  | Reparto principal:  /  /  / "
"tt23849204","12th Fail",2023,"https://m.media-amazon.com/images/M/MV5BNTE3OTIxZDYtNjA0NC00N2YxLTg1NGQtOTYxNmZkMDkwOWNjXkEyXkFqcGc@._V1_.jpg","Biografía, Drama",8.7,152449,"",8820,"Dirección:  | Reparto principal:  /  /  / "
"tt0361748","Malditos bastardos",2009,"https://m.media-amazon.com/images/M/MV5BMjcxNzBmMGEtYWZmNC00ZTNkLTkzMjgtMjA1MDFmNTMyMGJiXkEyXkFqcGc@._V1_.jpg","Aventura, Drama, Bélico",8.4,1701360,"12",9180,"Dirección:  | Reparto principal:  /  /  / "
"tt0090605","Aliens: El regreso",1986,"https://m.media-amazon.com/images/M/MV5BNTg0Y2FhODktZjk1Yi00ZTBkLWJhZTQtNjllYTc3N2U1ZWRkXkEyXkFqcGc@._V1_.jpg","Acción, Aventura, Terror",8.4,814371,"13",8220,"Dirección:  | Reparto principal:  /  /  / "
"tt1345836","El caballero oscuro: La leyenda renace",2012,"https://m.media-amazon.com/images/M/MV5BMmQ4MTZmODItMWFiMC00ZTExLTg0YWEtODEyYjkwNWZiNGIxXkEyXkFqcGc@._V1_.jpg","Acción, Crimen, Drama",8.4,1928404,"12",9840,"Dirección:  | Reparto principal:  /  /  / "
"tt2380307","Coco",2017,"https://m.media-amazon.com/images/M/MV5BMWQ1NWZjMmQtMTFjOC00NDE2LWFmZTctNzI5MDQwNDU0M2IzXkEyXkFqcGc@._V1_.jpg","Animación, Aventura, Drama",8.4,660320,"A",6300,"Dirección:  /  | Reparto principal:  /  /  / "
"tt0086879","Amadeus",1984,"https://m.media-amazon.com/images/M/MV5BNzAxMzJiOTgtOGJiNS00MDY1LTg4ZmYtNzM2NmE5ZGJhMmM5XkEyXkFqcGc@._V1_.jpg","Biografía, Drama, Música",8.4,452032,"A",9600,"Dirección:  | Reparto principal:  /  /  / "
"tt4154796","Vengadores: Endgame",2019,"https://m.media-amazon.com/images/M/MV5BZGM5MTFlYTMtMGU4NC00YzUzLThhY2UtM2IxZGI5MTlhYWZkXkEyXkFqcGc@._V1_.jpg","Acción, Aventura, Ciencia ficción",8.4,1375253,"7",10860,"Dirección:  /  | Reparto principal:  /  /  / "
"tt0114709","Toy Story",1995,"https://m.media-amazon.com/images/M/MV5BZTA3OWVjOWItNjE1NS00NzZiLWE1MjgtZDZhMWI1ZTlkNzYwXkEyXkFqcGc@._V1_.jpg","Animación, Aventura, Comedia",8.3,1132197,"A",4860,"Dirección:  | Reparto principal:  /  /  / "
"tt0119217","El indomable Will Hunting",1997,"https://m.media-amazon.com/images/M/MV5BMDNjOTMyNjgtYmU4OS00ZWMzLWEyYWMtOThhOGRjM2I4YWNmXkEyXkFqcGc@._V1_.jpg","Drama, Romance",8.3,1149623,"A",7560,"Dirección:  | Reparto principal:  /  /  / "
"tt0057012","¿Teléfono rojo? Volamos hacia Moscú",1964,"https://m.media-amazon.com/images/M/MV5BOTA4NDdkYTQtZTQzYy00YjVkLTkxMDMtZDBhY2FhNmZlZThhXkEyXkFqcGc@._V1_.jpg","Comedia, Bélico",8.3,540976,"18",5700,"Dirección:  | Reparto principal:  /  /  / "
"tt0364569","Old Boy",2003,"https://m.media-amazon.com/images/M/MV5BMjI2NDFkNjEtYzI2Ni00NWY2LTgyMDYtZTU1NTA3YTZhNzFiXkEyXkFqcGc@._V1_.jpg","Acción, Drama, Misterio",8.3,686811,"18",7200,"Dirección:  | Reparto principal:  /  /  / "
"tt0057565","El infierno del odio",1963,"https://m.media-amazon.com/images/M/MV5BYTAzMTljMTUtOGEwNy00MTJlLWI1YWQtZTU0MTA2Y2RiNmRmXkEyXkFqcGc@._V1_.jpg","Crimen, Drama, Misterio",8.4,62085,"13",8580,"Dirección:  | Reparto principal:  /  /  / "
"tt0082096","El submarino (Das Boot)",1981,"https://m.media-amazon.com/images/M/MV5BZDg3OTNkNDMtNWExOS00N2I4LWEzNjktMzQ4Nzk5MzA0YmJjXkEyXkFqcGc@._V1_.jpg","Drama, Bélico",8.4,280873,"14",8940,"Dirección:  | Reparto principal:  /  /  / "
"tt0112573","Braveheart",1995,"https://m.media-amazon.com/images/M/MV5BOGQ0YjJhMDItOTI2MS00MzFjLWEwNzgtYjUzYTE0ZjE4ZTg1XkEyXkFqcGc@._V1_.jpg","Biografía, Drama, Bélico",8.3,1135959,"18",10680,"Dirección:  | Reparto principal:  /  /  / "
"tt0169547","American Beauty",1999,"https://m.media-amazon.com/images/M/MV5BYmYxOGZkZDktZTcyOS00ZjExLTlhMTItNzhhNTA5MDA0ZjVlXkEyXkFqcGc@._V1_.jpg","Drama",8.3,1255446,"18",7320,"Dirección:  | Reparto principal:  /  /  / "
"tt0119698","La princesa Mononoke",1997,"https://m.media-amazon.com/images/M/MV5BMmY2NzBhNGItZjVhZC00MzlmLTg4ZTQtZjI0N2JiYzc2NGMxXkEyXkFqcGc@._V1_.jpg","Animación, Aventura, Fantasía",8.3,464818,"7",7980,"Dirección:  | Reparto principal:  /  /  / "
"tt5311514","Your Name.",2016,"https://m.media-amazon.com/images/M/MV5BZmUyYWRiODktOGYxMC00MWY3LThhNDUtZTViZDVkYTYwYmJhXkEyXkFqcGc@._V1_.jpg","Animación, Drama, Fantasía",8.4,364295,"A",6360,"Dirección:  | Reparto principal:  /  /  / "
"tt1187043","3 Idiots",2009,"https://m.media-amazon.com/images/M/MV5BNzc4ZWQ3NmYtODE0Ny00YTQ4LTlkZWItNTBkMGQ0MmUwMmJlXkEyXkFqcGc@._V1_.jpg","Comedia, Drama",8.4,463694,"PG-13",10200,"Dirección:  | Reparto principal:  /  /  / "
"tt7286456","Joker",2019,"https://m.media-amazon.com/images/M/MV5BMjQyOTA4NzMtNTk2ZC00YWUwLTgxOTUtNjBkMjE0YmU1OTRmXkEyXkFqcGc@._V1_.jpg","Crimen, Drama, Suspense",8.3,1626321,"18",7320,"Dirección:  | Reparto principal:  /  /  / "
"tt8267604","Cafarnaúm",2018,"https://m.media-amazon.com/images/M/MV5BMDI2NDY0MGUtZDQyMy00OWI1LWI5NWQtOTk5MzQ2ZjY3NzQ5XkEyXkFqcGc@._V1_.jpg","Drama",8.4,117805,"16",7560,"Dirección:  | Reparto principal:  /  /  / "
"tt0087843","Érase una vez en América",1984,"https://m.media-amazon.com/images/M/MV5BM2Q2ZDZlN2EtMDI5OS00MjYzLTg5ZWUtMmVmNjk3MzUzYjJmXkEyXkFqcGc@._V1_.jpg","Crimen, Drama",8.3,398096,"18",13740,"Dirección:  | Reparto principal:  /  /  / "
"tt0045152","Cantando bajo la lluvia",1952,"https://m.media-amazon.com/images/M/MV5BNTdjMDY4N2EtZTVlNy00NGJlLWE4YTYtZDM0Y2Y3NjJiZjBjXkEyXkFqcGc@._V1_.jpg","Comedia, Musical, Romance",8.3,274604,"A",6180,"Dirección:  /  | Reparto principal:  /  /  / "
"tt0091251","Masacre (Ven y mira)",1985,"https://m.media-amazon.com/images/M/MV5BNTAyNGRjN2MtMTNmZi00NDliLWJhYTUtZjQyODU3MzZiYjcwXkEyXkFqcGc@._V1_.jpg","Drama, Suspense, Bélico",8.3,114481,"18",8520,"Dirección:  | Reparto principal:  /  /  / "
"tt0180093","Réquiem por un sueño",2000,"https://m.media-amazon.com/images/M/MV5BZTIxYzQxZDQtZGRhZC00NTM5LWE5NTMtMmQ2N2U1ZTY1NjhhXkEyXkFqcGc@._V1_.jpg","Drama",8.3,945721,"18",6120,"Dirección:  | Reparto principal:  /  /  / "
"tt0086190","El retorno del jedi",1983,"https://m.media-amazon.com/images/M/MV5BZDMyNDdjZjMtYTA0ZS00NjEyLTg2OWQtZDc0NmRkMjM5ZjE1XkEyXkFqcGc@._V1_.jpg","Acción, Aventura, Fantasía",8.3,1174756,"A",7860,"Dirección:  | Reparto principal:  /  /  / "
"tt0435761","Toy Story 3",2010,"https://m.media-amazon.com/images/M/MV5BMTgxOTY4Mjc0MF5BMl5BanBnXkFtZTcwNTA4MDQyMw@@._V1_.jpg","Animación, Aventura, Comedia",8.3,938900,"A",6180,"Dirección:  | Reparto principal:  /  /  / "
"tt2106476","La caza de Thomas Vinterberg",2012,"https://m.media-amazon.com/images/M/MV5BOGU0ZTE1ZGMtYmNjMi00OWQ1LTg4NmEtYjVmMmM0MTBlMDExXkEyXkFqcGc@._V1_.jpg","Drama",8.3,392069,"12",6900,"Dirección:  | Reparto principal:  /  /  / "
"tt0044741","Vivir",1952,"https://m.media-amazon.com/images/M/MV5BY2Y4MWRlNmQtNzc5OS00MmMxLTg4MWQtMjYyZDIxYTNiMzIzXkEyXkFqcGc@._V1_.jpg","Drama",8.3,97871,"12",8580,"Dirección:  | Reparto principal:  /  /  / "
"tt0338013","¡Olvídate de mí!",2004,"https://m.media-amazon.com/images/M/MV5BZGM3ZDYzMzktOGZhYy00NmE3LTg2Y2UtMjBjYzAwMzZhNmRhXkEyXkFqcGc@._V1_.jpg","Drama, Romance, Ciencia ficción",8.3,1145571,"13",6480,"Dirección:  | Reparto principal:  /  /  / "
"tt1255953","Incendios",2010,"https://m.media-amazon.com/images/M/MV5BYWFmMjdmNjctNzhhOC00ZmMzLTkwOGItMmVmZDU4MjE2MTYwXkEyXkFqcGc@._V1_.jpg","Drama, Misterio, Bélico",8.3,232441,"12",7860,"Dirección:  | Reparto principal:  /  /  / "
"tt0062622","2001: Una odisea del espacio",1968,"https://m.media-amazon.com/images/M/MV5BYTY2YzQyNTctOTM4MS00OGNjLWIwOTgtZjNjMTViNzIxMzZkXkEyXkFqcGc@._V1_.jpg","Aventura, Ciencia ficción",8.3,759104,"A",8940,"Dirección:  | Reparto principal:  /  /  / "
"tt0053604","El apartamento",1960,"https://m.media-amazon.com/images/M/MV5BNzI2NTQ0YmYtODhjOS00MWU4LWE3ZDAtOTYxMzlmN2IwYWVjXkEyXkFqcGc@._V1_.jpg","Comedia, Drama, Romance",8.3,210622,"18",7500,"Dirección:  | Reparto principal:  /  /  / "
"tt0056172","Lawrence de Arabia",1962,"https://m.media-amazon.com/images/M/MV5BYTAwNzJjY2QtMzQ4MC00YTI2LWJjOGEtOGQ5NmFiZDRkOGU4XkEyXkFqcGc@._V1_.jpg","Aventura, Biografía, Drama",8.3,331602,"A",13620,"Dirección:  | Reparto principal:  /  /  / "
"tt0105236","Reservoir Dogs",1992,"https://m.media-amazon.com/images/M/MV5BMzFhYjU2MGQtN2VlZi00OGJmLTg4ZGYtOWY5MWQ4NjFhNzljXkEyXkFqcGc@._V1_.jpg","Crimen, Suspense",8.3,1140362,"18",5940,"Dirección:  | Reparto principal:  /  /  / "
"tt0086250","El precio del poder",1983,"https://m.media-amazon.com/images/M/MV5BMWYzYjEwYWEtMDhhNS00MDk3LWI5OTgtYzQxYTIzNDUzYjkxXkEyXkFqcGc@._V1_.jpg","Crimen, Drama",8.3,976036,"18",10200,"Dirección:  | Reparto principal:  /  /  / "
"tt0113277","Heat",1995,"https://m.media-amazon.com/images/M/MV5BMTkxYjU1OTMtYWViZC00ZjAzLWI3MDktZGQ2N2VmMjVjNDRlXkEyXkFqcGc@._V1_.jpg","Acción, Crimen, Drama",8.3,766592,"13",10200,"Dirección:  | Reparto principal:  /  /  / "
"tt0036775","Perdición",1944,"https://m.media-amazon.com/images/M/MV5BM2YwNjZlZDktNTlmNS00ODQwLWJmNmUtYmE1NTBhYjc1YTY5XkEyXkFqcGc@._V1_.jpg","Crimen, Drama, Cine negro",8.3,176161,"A",6420,"Dirección:  | Reparto principal:  /  /  / "
"tt0053125","Con la muerte en los talones",1959,"https://m.media-amazon.com/images/M/MV5BZjIyNWYzZmQtMzRkMS00OWU0LWJkYjctYTdmMjY2NjM4ZmUwXkEyXkFqcGc@._V1_.jpg","Aventura, Drama, Misterio",8.3,362529,"13",8160,"Dirección:  | Reparto principal:  /  /  / "
"tt1049413","Up",2009,"https://m.media-amazon.com/images/M/MV5BNmI1ZTc5MWMtMDYyOS00ZDc2LTkzOTAtNjQ4NWIxNjYyNDgzXkEyXkFqcGc@._V1_.jpg","Animación, Aventura, Comedia",8.3,1192159,"A",5760,"Dirección:  /  | Reparto principal:  /  /  / "
"tt0022100","M, el vampiro de Düsseldorf",1931,"https://m.media-amazon.com/images/M/MV5BNzA0OTdlNDMtNTRkNS00MTY4LTlmNzEtOTk5MzA1ZDc3NDA3XkEyXkFqcGc@._V1_.jpg","Crimen, Misterio, Suspense",8.3,178391,"13",7020,"Dirección:  | Reparto principal:  /  /  / "
"tt0033467","Ciudadano Kane",1941,"https://m.media-amazon.com/images/M/MV5BMmJhODQwZWEtODY2Mi00MDMzLTkzMTMtNzMyMWM2OTdkNTBkXkEyXkFqcGc@._V1_.jpg","Drama, Misterio",8.3,484419,"14",7140,"Dirección:  | Reparto principal:  /  /  / "
"tt0093058","La chaqueta metálica",1987,"https://m.media-amazon.com/images/M/MV5BYWUzNzZkNzUtNDdiYy00Nzk5LTgxMmItNTk0MjRjNjdjNDA0XkEyXkFqcGc@._V1_.jpg","Drama, Bélico",8.2,828007,"18",6960,"Dirección:  | Reparto principal:  /  /  / "
"tt0052357","Vértigo (De entre los muertos)",1958,"https://m.media-amazon.com/images/M/MV5BZjE5YmM0OTgtYWM4Ny00YzMzLWIwNWEtMjY2YjZjNWZjY2E3XkEyXkFqcGc@._V1_.jpg","Misterio, Romance, Suspense",8.2,448318,"A",7680,"Dirección:  | Reparto principal:  /  /  / "
"tt0211915","Amélie",2001,"https://m.media-amazon.com/images/M/MV5BYTlmNDFkZDMtNDkyZS00YmFjLWFiZjEtODM0ZWYxYTZlMmQ4XkEyXkFqcGc@._V1_.jpg","Comedia, Romance",8.3,822597,"A",7320,"Dirección:  | Reparto principal:  /  /  / "
"tt0986264","Taare Zameen Par",2007,"https://m.media-amazon.com/images/M/MV5BMGI4OTE2OWUtNjdmYi00ZWRlLWE5MzctZDAxYjQ4MGI2NDc4XkEyXkFqcGc@._V1_.jpg","Drama, Familiar",8.3,221467,"PG",9720,"Dirección:  | Reparto principal:  /  /  / "
"tt1832382","Nader y Simin, una separación",2011,"https://m.media-amazon.com/images/M/MV5BMzg2NjkxMzAxNV5BMl5BanBnXkFtZTcwMjMwNzgwNQ@@._V1_.jpg","Drama",8.3,271242,"7",7380,"Dirección:  | Reparto principal:  /  /  / "
"tt0056592","Matar a un ruiseñor",1962,"https://m.media-amazon.com/images/M/MV5BZTUzMDM2MjgtM2NkOC00MTgxLTgwZjctMGFkYzE2N2Q0MmQwXkEyXkFqcGc@._V1_.jpg","Crimen, Drama",8.3,345099,"18",7740,"Dirección:  | Reparto principal:  /  /  / "
"tt0095016","Jungla de cristal",1988,"https://m.media-amazon.com/images/M/MV5BYWNmODUwZmQtYWY0My00OTMzLTk1ZTItYjc4ZGJkYTgzNzEwXkEyXkFqcGc@._V1_.jpg","Acción, Suspense",8.2,996203,"13",7920,"Dirección:  | Reparto principal:  /  /  / "
"tt0097576","Indiana Jones y la última cruzada",1989,"https://m.media-amazon.com/images/M/MV5BOWQzOGIyNjEtZDM3MS00OThhLWJlZWEtNTgzYTIzODY5Y2E2XkEyXkFqcGc@._V1_.jpg","Acción, Aventura",8.2,843847,"A",7620,"Dirección:  | Reparto principal:  /  /  / "
"tt0070735","El golpe",1973,"https://m.media-amazon.com/images/M/MV5BYjMxYWYzNTAtNjdjMC00YmJiLTljYWEtNjdkNmFjZWExZjJmXkEyXkFqcGc@._V1_.jpg","Comedia, Crimen, Drama",8.2,292231,"18",7740,"Dirección:  | Reparto principal:  /  /  / "
"tt0066921","La naranja mecánica",1971,"https://m.media-amazon.com/images/M/MV5BYjFiN2E5N2ItZjc1Yy00MzZmLThmZGQtNGIyYjljMzk1NmU4XkEyXkFqcGc@._V1_.jpg","Crimen, Ciencia ficción",8.2,916694,"(Banned)",8160,"Dirección:  | Reparto principal:  /  /  / "
"tt0252488","Hababam Sinifi: Sinifta Kaldi",1975,"https://m.media-amazon.com/images/M/MV5BZmY3MjVhMmQtOTcwYy00ZjcyLWFiZDgtN2JiODVjNjQzYWQyXkEyXkFqcGc@._V1_.jpg","Comedia",8.7,27494,"",5700,"Dirección:  | Reparto principal:  /  /  / "
"tt0017136","Metrópolis",1927,"https://m.media-amazon.com/images/M/MV5BMjhjMGYyMjAtMzJkYy00NzhlLWIwY2MtMWQ2ODIxZDUyOGYyXkEyXkFqcGc@._V1_.jpg","Drama, Ciencia ficción",8.3,195947,"A",9180,"Dirección:  | Reparto principal:  /  /  / "
"tt15398776","Oppenheimer",2023,"https://m.media-amazon.com/images/M/MV5BNTFlZDI1YWQtMTVjNy00YWU1LTg2YjktMTlhYmRiYzQ3NTVhXkEyXkFqcGc@._V1_.jpg","Biografía, Drama, Historia",8.3,915140,"12",10800,"Dirección:  | Reparto principal:  /  /  / "
"tt0208092","Snatch. Cerdos y diamantes",2000,"https://m.media-amazon.com/images/M/MV5BYzk5NjJkMTQtN2IyNC00YWM5LTlhZmMtNGI3MWNhMTU1YTc4XkEyXkFqcGc@._V1_.jpg","Comedia, Crimen",8.2,952029,"18",6240,"Dirección:  | Reparto principal:  /  /  / "
"tt8579674","1917",2019,"https://m.media-amazon.com/images/M/MV5BZWRlZGY4MGEtYzQxMC00MjJiLTgzNWMtNDljMmEyNmNjYjJkXkEyXkFqcGc@._V1_.jpg","Acción, Drama, Bélico",8.2,736365,"12",7140,"Dirección:  | Reparto principal:  /  /  / "
"tt0119488","L.A. Confidential",1997,"https://m.media-amazon.com/images/M/MV5BYTRmMjhhNTktZDdiYy00YjYxLTljY2QtMTU0NTQwYzRhMTZmXkEyXkFqcGc@._V1_.jpg","Crimen, Drama, Misterio",8.2,645112,"18",8280,"Dirección:  | Reparto principal:  /  /  / "
"tt0040522","Ladrón de bicicletas",1948,"https://m.media-amazon.com/images/M/MV5BYmFiNzFmYjQtZmMzYS00NWMyLTg3NDItY2VkMmRkMmZlMGE2XkEyXkFqcGc@._V1_.jpg","Drama",8.2,187098,"A",5340,"Dirección:  | Reparto principal:  /  /  / "
"tt0363163","El hundimiento",2004,"https://m.media-amazon.com/images/M/MV5BZGNjNTdhMWYtOWRhMi00OGI5LThjOGUtYzY1OTM1ZWVhYmY1XkEyXkFqcGc@._V1_.jpg","Biografía, Drama, Historia",8.2,391177,"18",9360,"Dirección:  | Reparto principal:  /  /  / "
"tt5074352","Dangal",2016,"https://m.media-amazon.com/images/M/MV5BMTQ4MzQzMzM2Nl5BMl5BanBnXkFtZTgwMTQ1NzU3MDI@._V1_.jpg","Acción, Biografía, Drama",8.3,229296,"A",9660,"Dirección:  | Reparto principal:  /  /  / "
"tt0993846","El lobo de Wall Street",2013,"https://m.media-amazon.com/images/M/MV5BY2Y2YmM1NmUtY2M2YS00Mjg1LWI0MDAtYzhlNzUyMjdjZGZjXkEyXkFqcGc@._V1_.jpg","Biografía, Comedia, Crimen",8.2,1704223,"16",10800,"Dirección:  | Reparto principal:  /  /  / "
"tt8503618","Hamilton",2020,"https://m.media-amazon.com/images/M/MV5BYzBhOWY4ZTktMjE2NS00ZGIyLWJkOGMtNDQyN2JjZWFiODdiXkEyXkFqcGc@._V1_.jpg","Biografía, Drama, Historia",8.3,130348,"12",9600,"Dirección:  | Reparto principal:  /  /  / "
"tt6966692","Green Book",2018,"https://m.media-amazon.com/images/M/MV5BYzRjYTA0ZTQtMDIzOC00NmNjLTk2OTAtOTJmZmIzODkwYTM0XkEyXkFqcGc@._V1_.jpg","Biografía, Comedia, Drama",8.2,645308,"12",7800,"Dirección:  | Reparto principal:  /  /  / "
"tt0075314","Taxi Driver",1976,"https://m.media-amazon.com/images/M/MV5BNjEzODdkNDgtMGNjMS00MTg3LWIyYTctMzVkYWM4N2I5ZDI0XkEyXkFqcGc@._V1_.jpg","Crimen, Drama",8.2,988034,"18",6840,"Dirección:  | Reparto principal:  /  /  / "
"tt0372784","Batman Begins",2005,"https://m.media-amazon.com/images/M/MV5BNWRhMDYyNDMtYTliYS00MGIxLWFkYzMtYmUyM2JhZjk5OTE4XkEyXkFqcGc@._V1_.jpg","Acción, Crimen, Drama",8.2,1659199,"13",8400,"Dirección:  | Reparto principal:  /  /  / "
"tt0120382","El show de Truman",1998,"https://m.media-amazon.com/images/M/MV5BODc4OGUxM2YtNTM2MS00NTAwLWE3NzktZTI0NWI0OTI0OGNiXkEyXkFqcGc@._V1_.jpg","Comedia, Drama",8.2,1300170,"A",6180,"Dirección:  | Reparto principal:  /  /  / "
"tt0059578","La muerte tenía un precio",1965,"https://m.media-amazon.com/images/M/MV5BNTRmOTcyYmYtMTIwNi00ZGYyLTk4YjYtZGJlZTgwZGY0NGQyXkEyXkFqcGc@._V1_.jpg","Drama, Del oeste",8.2,291321,"18",7920,"Dirección:  | Reparto principal:  /  /  / "
"tt0055031","Vencedores o vencidos",1961,"https://m.media-amazon.com/images/M/MV5BYWE2NDBmOWEtZDZlYy00OTc0LTk0NWItMjkwYWU3NGJiOTc0XkEyXkFqcGc@._V1_.jpg","Drama, Bélico",8.3,92773,"18",10740,"Dirección:  | Reparto principal:  /  /  / "
"tt0053291","Con faldas y a lo loco",1959,"https://m.media-amazon.com/images/M/MV5BMWQ2MDYzMDMtNjY5My00MDljLThlMTktMTg4MGI5MDdmN2E5XkEyXkFqcGc@._V1_.jpg","Comedia, Música, Romance",8.2,297339,"A",7260,"Dirección:  | Reparto principal:  /  /  / "
"tt1130884","Shutter Island",2010,"https://m.media-amazon.com/images/M/MV5BN2FjNWExYzEtY2YzOC00YjNlLTllMTQtNmIwM2Q1YzBhOWM1XkEyXkFqcGc@._V1_.jpg","Drama, Misterio, Suspense",8.2,1565756,"13",8280,"Dirección:  | Reparto principal:  /  /  / "
"tt0012349","El chico",1921,"https://m.media-amazon.com/images/M/MV5BNjNmNTVmNDUtYzJmNS00MjQ2LTg2NDEtNDlhZGM3ZjAyYzY3XkEyXkFqcGc@._V1_.jpg","Comedia, Drama, Familiar",8.2,142359,"A",4080,"Dirección:  | Reparto principal:  /  /  / "
"tt10272386","El padre",2020,"https://m.media-amazon.com/images/M/MV5BYzUxMDAyMDAtNzIyZi00OGQ1LTllMjEtYzRjOThkZTUxNTliXkEyXkFqcGc@._V1_.jpg","Drama, Misterio",8.2,216918,"7",5820,"Dirección:  | Reparto principal:  /  /  / "
"tt0107290","Jurassic Park (Parque Jurásico)",1993,"https://m.media-amazon.com/images/M/MV5BMjM2MDgxMDg0Nl5BMl5BanBnXkFtZTgwNTM2OTM5NDE@._V1_.jpg","Acción, Aventura, Ciencia ficción",8.2,1134117,"13",7620,"Dirección:  | Reparto principal:  /  /  / "
"tt0042192","Eva al desnudo",1950,"https://m.media-amazon.com/images/M/MV5BOTM4ZjUzOGUtYzdlZi00ZmM5LTk5NTEtMjQxNDVmOTc5NWNlXkEyXkFqcGc@._V1_.jpg","Drama",8.2,145845,"13",8280,"Dirección:  | Reparto principal:  /  /  / "
"tt0469494","Pozos de ambición",2007,"https://m.media-amazon.com/images/M/MV5BMGE0NjVmYzItYmJmZS00ZjJhLTg2NjUtYTZkNjE5NjFjNGE4XkEyXkFqcGc@._V1_.jpg","Drama",8.2,677184,"13",9480,"Dirección:  | Reparto principal:  /  /  / "
"tt0167404","El sexto sentido",1999,"https://m.media-amazon.com/images/M/MV5BMjgwMjFkYzctNmRiZS00MmI4LTg5ODEtNmZkYTdjOTFiNDc0XkEyXkFqcGc@._V1_.jpg","Drama, Misterio, Suspense",8.2,1107411,"13",6420,"Dirección:  | Reparto principal:  /  /  / "
"tt0089881","Ran",1985,"https://m.media-amazon.com/images/M/MV5BZDk2NDY5YjktMjEyMC00OTJhLTkzM2EtY2Q4Y2RjYzc2Yjk4XkEyXkFqcGc@._V1_.jpg","Acción, Drama, Bélico",8.2,145587,"13",9600,"Dirección:  | Reparto principal:  /  /  / "
"tt0112641","Casino",1995,"https://m.media-amazon.com/images/M/MV5BZDIwMzQ3NGItYzg3Ni00NmY3LTljNjItOTUxNmQwMzJkOTc5XkEyXkFqcGc@._V1_.jpg","Crimen, Drama",8.2,597773,"18",10680,"Dirección:  | Reparto principal:  /  /  / "
"tt1745960","Top Gun: Maverick",2022,"https://m.media-amazon.com/images/M/MV5BMDBkZDNjMWEtOTdmMi00NmExLTg5MmMtNTFlYTJlNWY5YTdmXkEyXkFqcGc@._V1_.jpg","Acción, Drama",8.2,792384,"12",7800,"Dirección:  | Reparto principal:  /  /  / "
"tt0477348","No es país para viejos",2007,"https://m.media-amazon.com/images/M/MV5BY2YzMjhjMWMtOThlZS00Yjg3LTk1MjEtMzRiM2U0YmFiNmIyXkEyXkFqcGc@._V1_.jpg","Crimen, Drama, Suspense",8.2,1135623,"18",7320,"Dirección:  /  | Reparto principal:  /  /  / "
"tt0084787","La cosa (El enigma de otro mundo)",1982,"https://m.media-amazon.com/images/M/MV5BNTg2MzljY2ItZDg5ZS00YTUwLTlhZTMtM2UwNzZiOWE4MDc1XkEyXkFqcGc@._V1_.jpg","Terror, Misterio, Ciencia ficción",8.2,503724,"16",6540,"Dirección:  | Reparto principal:  /  /  / "
"tt0105695","Sin perdón",1992,"https://m.media-amazon.com/images/M/MV5BMWYxODJjNzMtZWZmOS00ZDMwLTk1YjQtZjgzNjMyODBlNmNiXkEyXkFqcGc@._V1_.jpg","Drama, Del oeste",8.2,457482,"18",7800,"Dirección:  | Reparto principal:  /  /  / "
"tt0457430","El laberinto del fauno",2006,"https://m.media-amazon.com/images/M/MV5BZmMwMmFkODMtNTNhMS00OTA4LTgzOGQtZTlkNWM5OWI3MGI5XkEyXkFqcGc@._V1_.jpg","Drama, Fantasía, Bélico",8.2,728790,"18",7080,"Dirección:  | Reparto principal:  /  /  / "
"tt0266697","Kill Bill: Volumen 1",2003,"https://m.media-amazon.com/images/M/MV5BOGZjM2FmNDUtYzI5OC00N2I2LWI3M2UtM2RiMGFmYzZkM2I1XkEyXkFqcGc@._V1_.jpg","Acción, Crimen, Suspense",8.2,1260395,"18",6660,"Dirección:  | Reparto principal:  /  /  / "
"tt0268978","Una mente maravillosa",2001,"https://m.media-amazon.com/images/M/MV5BMDlmOTE4M2YtZDI4OS00ZmQ4LWE4NGUtNjMxODliNTQ2ZWE5XkEyXkFqcGc@._V1_.jpg","Biografía, Drama, Misterio",8.2,1028106,"A",8100,"Dirección:  | Reparto principal:  /  /  / "
"tt1392214","Prisioneros",2013,"https://m.media-amazon.com/images/M/MV5BYjc1ZGI0MTQtOGM1My00OTNmLWJlNmMtODc0YjJjNzQwMDQ3XkEyXkFqcGc@._V1_.jpg","Crimen, Drama, Misterio",8.2,883796,"16",9180,"Dirección:  | Reparto principal:  /  /  / "
"tt0040897","El tesoro de Sierra Madre",1948,"https://m.media-amazon.com/images/M/MV5BMTQ5MjY1NzUyNV5BMl5BanBnXkFtZTgwMzE4MzgyMjE@._V1_.jpg","Aventura, Drama, Del oeste",8.2,138389,"Approved",7560,"Dirección:  | Reparto principal:  /  /  / "
"tt0346336","La mejor juventud",2003,"https://m.media-amazon.com/images/M/MV5BZWJiODA5ZTAtNDA0NS00ZWM3LWE5MzQtODAzZTdmNTU0NmFiXkEyXkFqcGc@._V1_.jpg","Drama, Romance",8.5,25520,"R",22440,"Dirección:  | Reparto principal:  /  /  / "
"tt0055630","Yojimbo",1961,"https://m.media-amazon.com/images/M/MV5BYzFkODA1N2QtY2UyMC00NTMwLWEyNzctMmE3YjIzNzE1MzY4XkEyXkFqcGc@._V1_.jpg","Acción, Drama, Suspense",8.2,139051,"13",6600,"Dirección:  | Reparto principal:  /  /  / "
"tt0266543","Buscando a Nemo",2003,"https://m.media-amazon.com/images/M/MV5BMTFiMjA0NjAtZTEwYS00MWRiLWI3MGEtMDlkZGY1MDQ4NjhiXkEyXkFqcGc@._V1_.jpg","Animación, Aventura, Comedia",8.2,1169303,"A",6000,"Dirección:  /  | Reparto principal:  /  /  / "
"tt0347149","El castillo ambulante",2004,"https://m.media-amazon.com/images/M/MV5BMTZhNTc2M2YtOGFhMS00MmQ2LTkxNWUtYWNhNWYyN2E2YzY1XkEyXkFqcGc@._V1_.jpg","Animación, Aventura, Familiar",8.2,489128,"7",7140,"Dirección:  | Reparto principal:  /  /  / "
"tt0057115","La gran evasión",1963,"https://m.media-amazon.com/images/M/MV5BMDRhNmJjMzEtMWU5MC00YmEyLTg3ZmYtNzYxZTI1ZGU4ZjI1XkEyXkFqcGc@._V1_.jpg","Aventura, Drama, Suspense",8.2,270729,"13",10320,"Dirección:  | Reparto principal:  /  /  / "
"tt0071853","Los caballeros de la mesa cuadrada y sus locos seguidores",1975,"https://m.media-amazon.com/images/M/MV5BMGJmODUwODAtYjQyMi00MTVkLWExNGYtNjhjM2M1MDMxMjFlXkEyXkFqcGc@._V1_.jpg","Aventura, Comedia, Fantasía",8.2,591413,"A",5460,"Dirección:  /  | Reparto principal:  /  /  / "
"tt0080678","El hombre elefante",1980,"https://m.media-amazon.com/images/M/MV5BMWU3NzBjNmEtYjE0OC00Y2VkLWJjNzQtZDM1Zjc1NWRkY2RjXkEyXkFqcGc@._V1_.jpg","Biografía, Drama",8.2,274925,"14",7440,"Dirección:  | Reparto principal:  /  /  / "
"tt0046912","Crimen perfecto",1954,"https://m.media-amazon.com/images/M/MV5BNGEwNGM3ZWYtN2E5ZS00NTEzLThlMTUtODI1ZmIzZDk2Y2RlXkEyXkFqcGc@._V1_.jpg","Crimen, Drama, Misterio",8.2,199489,"A",6300,"Dirección:  | Reparto principal:  /  /  / "
"tt4729430","Klaus",2019,"https://m.media-amazon.com/images/M/MV5BNmI4YzU4NWEtNTMwNi00MzIzLTgzYmUtNzlmOWRiNDgzZWRlXkEyXkFqcGc@._V1_.jpg","Animación, Aventura, Comedia",8.2,217382,"A/i",5760,"Dirección:  /  | Reparto principal:  /  /  / "
"tt0031381","Lo que el viento se llevó",1939,"https://m.media-amazon.com/images/M/MV5BYmYxZTE3YzMtYmE2Yy00NmFlLTkzYTAtYTAzN2IzNDFkN2E0XkEyXkFqcGc@._V1_.jpg","Drama, Romance, Bélico",8.2,348725,"A",14280,"Dirección:  | Reparto principal:  /  /  / "
"tt0071315","Chinatown",1974,"https://m.media-amazon.com/images/M/MV5BNmRmZTE0NmUtZjhiZi00MzQ3LTk3ZjctN2Q3ODYzY2U3MDk3XkEyXkFqcGc@._V1_.jpg","Drama, Misterio, Suspense",8.1,367719,"18",7800,"Dirección:  | Reparto principal:  /  /  / "
"tt1305806","El secreto de sus ojos",2009,"https://m.media-amazon.com/images/M/MV5BMTgwNTI3OTczOV5BMl5BanBnXkFtZTcwMTM3MTUyMw@@._V1_.jpg","Drama, Misterio, Romance",8.2,234834,"7",7740,"Dirección:  | Reparto principal:  /  /  / "
"tt0120735","Lock & Stock",1998,"https://m.media-amazon.com/images/M/MV5BMmY1M2M5ZmMtYzllZC00YzAxLTk4MjktZDJkNjA1MTUwMGQ4XkEyXkFqcGc@._V1_.jpg","Comedia, Crimen",8.1,638201,"18",6420,"Dirección:  | Reparto principal:  /  /  / "
"tt0042876","Rashomon",1950,"https://m.media-amazon.com/images/M/MV5BZDlkYjViMDAtYjkxNy00ZDk1LWE5MmUtNDc4NDU3ZWJmOTYzXkEyXkFqcGc@._V1_.jpg","Crimen, Drama, Misterio",8.1,191101,"13",5280,"Dirección:  | Reparto principal:  /  /  / "
"tt0434409","V de vendetta",2005,"https://m.media-amazon.com/images/M/MV5BYmY5MDUxZDItZjJmNy00MWQxLTlhNDctYTMzOTUyNzY1OTdhXkEyXkFqcGc@._V1_.jpg","Acción, Drama, Ciencia ficción",8.1,1221109,"13",7920,"Dirección:  | Reparto principal:  /  /  / "
"tt2096673","Del revés",2015,"https://m.media-amazon.com/images/M/MV5BMTk4ZDdmMjYtNzE4Zi00NjhjLThkY2ItYTc4NDY5MzQzNWRkXkEyXkFqcGc@._V1_.jpg","Animación, Aventura, Comedia",8.1,876857,"A",5700,"Dirección:  /  | Reparto principal:  /  /  / "
"tt5027774","Tres anuncios en las afueras",2017,"https://m.media-amazon.com/images/M/MV5BNTAzMzk4ZDQtNTE5ZC00YzllLWI1MjgtMWQ0YzAxMTk1NTk5XkEyXkFqcGc@._V1_.jpg","Comedia, Crimen, Drama",8.1,587647,"16",6900,"Dirección:  | Reparto principal:  /  /  / "
"tt0264464","Atrápame si puedes",2002,"https://m.media-amazon.com/images/M/MV5BNGUwZWRlNGQtYjZlNi00NmNiLThkZjktZGY3ZDkyZWY0MThhXkEyXkFqcGc@._V1_.jpg","Biografía, Crimen, Drama",8.1,1177764,"7",8460,"Dirección:  | Reparto principal:  /  /  / "
"tt0117951","Trainspotting",1996,"https://m.media-amazon.com/images/M/MV5BMTcwNzkwOTA0N15BMl5BanBnXkFtZTgwNDQ5NDQxMDE@._V1_.jpg","Crimen, Drama",8.1,753731,"18",5580,"Dirección:  | Reparto principal:  /  /  / "
"tt0050212","El puente sobre el río Kwai",1957,"https://m.media-amazon.com/images/M/MV5BYmNkMGZjM2EtZDE0Ni00Zjg5LWE0YjQtNWYwMDFlZGY4NGE5XkEyXkFqcGc@._V1_.jpg","Aventura, Drama, Bélico",8.1,243743,"A",9660,"Dirección:  | Reparto principal:  /  /  / "
"tt0081398","Toro salvaje",1980,"https://m.media-amazon.com/images/M/MV5BNmM3ZDU1ZjUtOTFhMC00YTFkLTg1NmYtZGE4NTBhNDhjYjg2XkEyXkFqcGc@._V1_.jpg","Biografía, Drama, Deporte",8.1,398296,"16",7740,"Dirección:  | Reparto principal:  /  /  / "
"tt29623480","Robot salvaje",2024,"https://m.media-amazon.com/images/M/MV5BNTViNGI0MzMtYTJlMS00Y2NiLTg5MDYtZTE3NTY1OWY3YmU3XkEyXkFqcGc@._V1_.jpg","Animación, Aventura, Familiar",8.2,188332,"A",6120,"Dirección:  | Reparto principal:  /  /  / "
"tt0116282","Fargo",1996,"https://m.media-amazon.com/images/M/MV5BNjg4MWE0MjEtODFhNy00MjA5LTg5ODktMzgwNWFmZTAwNjBlXkEyXkFqcGc@._V1_.jpg","Crimen, Drama, Suspense",8.1,761670,"18",5880,"Dirección:  /  | Reparto principal:  /  /  / "
"tt1201607","Harry Potter y las Reliquias de la Muerte: Parte 2",2011,"https://m.media-amazon.com/images/M/MV5BNWY5MDMwYjQtZDU0NS00MTAwLWFlMDUtODA5YjMzNjdmYzJkXkEyXkFqcGc@._V1_.jpg","Aventura, Familiar, Fantasía",8.1,1006364,"7",7800,"Dirección:  | Reparto principal:  /  /  / "
"tt1291584","Warrior",2011,"https://m.media-amazon.com/images/M/MV5BMTk4ODk5MTMyNV5BMl5BanBnXkFtZTcwMDMyNTg0Ng@@._V1_.jpg","Acción, Drama, Deporte",8.1,517626,"12",8400,"Dirección:  | Reparto principal:  /  /  / "
"tt1205489","Gran Torino",2008,"https://m.media-amazon.com/images/M/MV5BMTc5NTk2OTU1Nl5BMl5BanBnXkFtZTcwMDc3NjAwMg@@._V1_.jpg","Drama",8.1,843948,"13",6960,"Dirección:  | Reparto principal:  /  /  / "
"tt0405159","Million Dollar Baby",2004,"https://m.media-amazon.com/images/M/MV5BMTkxNzA1NDQxOV5BMl5BanBnXkFtZTcwNTkyMTIzMw@@._V1_.jpg","Drama, Deporte",8.1,750357,"13",7920,"Dirección:  | Reparto principal:  /  /  / "
"tt0052618","Ben-Hur",1959,"https://m.media-amazon.com/images/M/MV5BMWE0MDI3MzMtNzMwNS00OTg3LTlhNDYtNjljYzI5ZDk2NWQzXkEyXkFqcGc@._V1_.jpg","Aventura, Drama",8.1,265154,"A",12720,"Dirección:  | Reparto principal:  /  /  / "
"tt1392190","Mad Max: Furia en la carretera",2015,"https://m.media-amazon.com/images/M/MV5BMmRlNzFmMzYtMGRiZC00ZWE4LWIwM2UtMWUyMzAyMzQ4YTc3XkEyXkFqcGc@._V1_.jpg","Acción, Aventura, Ciencia ficción",8.1,1174146,"16",7200,"Dirección:  | Reparto principal:  /  /  / "
"tt0096283","Mi vecino Totoro",1988,"https://m.media-amazon.com/images/M/MV5BNzhjNTQ5N2UtZjAxMS00NDVlLTg2ZWMtMDAzZDY0NGEyYzU4XkEyXkFqcGc@._V1_.jpg","Animación, Aventura, Comedia",8.1,412655,"A",5160,"Dirección:  | Reparto principal:  /  /  / "
"tt0072684","Barry Lyndon",1975,"https://m.media-amazon.com/images/M/MV5BNTc2NTM3YTUtMWY2OC00N2ZiLTlmNjEtNzc3MWUyMDQxODk1XkEyXkFqcGc@._V1_.jpg","Aventura, Drama, Bélico",8.1,195738,"18",11100,"Dirección:  | Reparto principal:  /  /  / "
"tt0097165","El club de los poetas muertos",1989,"https://m.media-amazon.com/images/M/MV5BMTYyZGU5ZTUtMTk0ZS00MGM5LTk5NDktZmZlNTk1ZjJmNWE5XkEyXkFqcGc@._V1_.jpg","Comedia, Drama",8.1,598759,"13",7680,"Dirección:  | Reparto principal:  /  /  / "
"tt0118849","Children of Heaven",1997,"https://m.media-amazon.com/images/M/MV5BZWZlMjNhNzgtZGRhOS00Y2U5LThjOTctODNjZTI0ZTBiYzBhXkEyXkFqcGc@._V1_.jpg","Drama, Familiar, Deporte",8.2,86836,"13",5340,"Dirección:  | Reparto principal:  /  /  / "
"tt2119532","Hasta el último hombre (Hacksaw Ridge)",2016,"https://m.media-amazon.com/images/M/MV5BNGI0M2ZlNGQtMTI3Yi00MTU4LTgzZTEtMDQ5Mzg0ZmMzMDVjXkEyXkFqcGc@._V1_.jpg","Biografía, Drama, Historia",8.1,645258,"16",8340,"Dirección:  | Reparto principal:  /  /  / "
"tt10872600","Spider-Man: No Way Home",2021,"https://m.media-amazon.com/images/M/MV5BYTA1NTYyZDMtMjliYy00YTlhLTgzNDAtODc3ZTE5OWZkMjY1XkEyXkFqcGc@._V1_.jpg","Acción, Aventura, Fantasía",8.2,965329,"7",8880,"Dirección:  | Reparto principal:  /  /  / "
"tt2278388","El gran hotel Budapest",2014,"https://m.media-amazon.com/images/M/MV5BMDAyM2NiMzktNWM3ZC00MDk2LTg0NjItMzNkM2IxODhlZTE4XkEyXkFqcGc@._V1_.jpg","Comedia, Drama",8.1,934466,"12",5940,"Dirección:  | Reparto principal:  /  /  / "
"tt2024544","12 años de esclavitud",2013,"https://m.media-amazon.com/images/M/MV5BY2YyMGQ4MzctZmJmZC00MjBiLWIxZTktZGVmMzUyZDU5YWZkXkEyXkFqcGc@._V1_.jpg","Biografía, Drama, Historia",8.1,768968,"16",8040,"Dirección:  | Reparto principal:  /  /  / "
"tt0112471","Antes de amanecer",1995,"https://m.media-amazon.com/images/M/MV5BMTIxMmRiMTAtMzY2ZC00Njg2LWEwMzAtMzVmOTgwZTZiNzZkXkEyXkFqcGc@._V1_.jpg","Comedia, Drama, Romance",8.1,362812,"T",6060,"Dirección:  | Reparto principal:  /  /  / "
"tt0083658","Blade Runner",1982,"https://m.media-amazon.com/images/M/MV5BMTU2NjUzNTE0N15BMl5BanBnXkFtZTcwMzA3MjI4OQ@@._V1_.jpg","Acción, Drama, Ciencia ficción",8.1,858938,"14",7020,"Dirección:  | Reparto principal:  /  /  / "
"tt0353969","Memories of Murder (Crónica de un asesino en serie)",2003,"https://m.media-amazon.com/images/M/MV5BM2I2YzhmNDMtM2NlMi00MWMwLWIyN2ItM2ZmNjA5NDZiMDQ4XkEyXkFqcGc@._V1_.jpg","Crimen, Drama, Misterio",8.1,246496,"18",7860,"Dirección:  | Reparto principal:  /  /  / "
"tt2267998","Perdida",2014,"https://m.media-amazon.com/images/M/MV5BZmM0NjJjNDktYTcyMC00YzM1LWI3YWUtMzVmZjhhZGViM2FhXkEyXkFqcGc@._V1_.jpg","Drama, Misterio, Suspense",8.1,1130098,"16",8940,"Dirección:  | Reparto principal:  /  /  / "
"tt0382932","Ratatouille",2007,"https://m.media-amazon.com/images/M/MV5BMTMzODU0NTkxMF5BMl5BanBnXkFtZTcwMjQ4MzMzMw@@._V1_.jpg","Animación, Aventura, Comedia",8.1,896864,"A",6660,"Dirección:  /  | Reparto principal:  /  /  / "
"tt0892769","Cómo entrenar a tu dragón",2010,"https://m.media-amazon.com/images/M/MV5BMjEyZGViY2ItZmRjOC00NmI5LTlhNDMtYjc1MjIxNWM1ZThkXkEyXkFqcGc@._V1_.jpg","Animación, Acción, Aventura",8.1,858884,"7/i",5880,"Dirección:  /  | Reparto principal:  /  /  / "
"tt0198781","Monstruos, S.A.",2001,"https://m.media-amazon.com/images/M/MV5BNzQ0YTVhNjgtODlhYy00YTA2LTk0ZDgtMzc3Yzc2YzFmYzFmXkEyXkFqcGc@._V1_.jpg","Animación, Aventura, Comedia",8.1,1036791,"A",5520,"Dirección:  /  /  | Reparto principal:  /  /  / "
"tt0107207","En el nombre del padre",1993,"https://m.media-amazon.com/images/M/MV5BOTc1OThmNjYtYTIyNS00MWRlLTk0M2UtM2JkZDU1ZTIxNTBhXkEyXkFqcGc@._V1_.jpg","Biografía, Crimen, Drama",8.1,197610,"13",7980,"Dirección:  | Reparto principal:  /  /  / "
"tt0073195","Tiburón",1975,"https://m.media-amazon.com/images/M/MV5BZWU0NzZmZDEtYjYzMS00MWVkLWE5N2YtNjQ2MTdkMWE4ZGE4XkEyXkFqcGc@._V1_.jpg","Aventura, Terror, Suspense",8.1,706664,"14",7440,"Dirección:  | Reparto principal:  /  /  / "
"tt3011894","Relatos salvajes",2014,"https://m.media-amazon.com/images/M/MV5BODljMzFmMTAtMGM3YS00OWFlLWI3MjctNjVkOTFiNDViMDVhXkEyXkFqcGc@._V1_.jpg","Comedia, Drama, Suspense",8.1,230719,"16",7320,"Dirección:  | Reparto principal:  /  /  / "
"tt0015864","La quimera del oro",1925,"https://m.media-amazon.com/images/M/MV5BYTcyZWYzNDMtYTU2MC00Zjk4LTkyMDUtNzU2NGY5ZThmNDQyXkEyXkFqcGc@._V1_.jpg","Aventura, Comedia, Drama",8.1,125207,"A",5700,"Dirección:  | Reparto principal:  /  /  / "
"tt1950186","Le Mans '66",2019,"https://m.media-amazon.com/images/M/MV5BZGUxY2ZlNDgtZjI5OC00ZDE5LThkNjYtNTYzNDhhNDI3ZTJiXkEyXkFqcGc@._V1_.jpg","Acción, Biografía, Drama",8.1,534156,"7",9120,"Dirección:  | Reparto principal:  /  /  / "
"tt0015324","El moderno Sherlock Holmes",1924,"https://m.media-amazon.com/images/M/MV5BMjQzM2E2NjYtYmRjMC00ZmVlLTljZTgtNmQ5MGZlNDYyZTc5XkEyXkFqcGc@._V1_.jpg","Acción, Comedia, Romance",8.2,63022,"A",2700,"Dirección:  | Reparto principal:  /  /  / "
"tt0978762","Mary and Max",2009,"https://m.media-amazon.com/images/M/MV5BNzY2Mjc4NjMtNGY4Mi00NzM5LTk3ZTQtN2VkNzVkMzRmM2Y2XkEyXkFqcGc@._V1_.jpg","Animación, Comedia, Drama",8.1,197477,"16",5520,"Dirección:  | Reparto principal:  /  /  / "
"tt0077416","El cazador",1978,"https://m.media-amazon.com/images/M/MV5BODQ1NmNmNWItNGNjYy00NDk3LWI3NjItMzkwODYyYWJhYzQwXkEyXkFqcGc@._V1_.jpg","Drama, Bélico",8.1,377965,"18",10980,"Dirección:  | Reparto principal:  /  /  / "
"tt0046268","El salario del miedo",1953,"https://m.media-amazon.com/images/M/MV5BMDdhOGMwODQtZGM2MS00NGQxLWEyZDMtOTkzMjFjYjI3ZmM2XkEyXkFqcGc@._V1_.jpg","Aventura, Drama, Suspense",8.1,71290,"Not Rated",9360,"Dirección:  | Reparto principal:  /  /  / "
"tt0017925","El maquinista de La General",1926,"https://m.media-amazon.com/images/M/MV5BMjE1NTEzMzUzNV5BMl5BanBnXkFtZTgwNzY1NjYxMjE@._V1_.jpg","Acción, Aventura, Comedia",8.1,103594,"A",4680,"Dirección:  /  | Reparto principal:  /  /  / "
"tt0031679","Caballero sin espada",1939,"https://m.media-amazon.com/images/M/MV5BYjJiYmVjZGMtNTkzYi00OGI3LWEyODUtNmEzMTMxMjJiODI4XkEyXkFqcGc@._V1_.jpg","Comedia, Drama",8.1,126901,"A",7740,"Dirección:  | Reparto principal:  /  /  / "
"tt0047296","La ley del silencio",1954,"https://m.media-amazon.com/images/M/MV5BMjE0MDM3OTcxMl5BMl5BanBnXkFtZTgwNjM2OTI3MjE@._V1_.jpg","Crimen, Drama, Suspense",8.1,173803,"7",6480,"Dirección:  | Reparto principal:  /  /  / "
"tt3315342","Logan",2017,"https://m.media-amazon.com/images/M/MV5BM2JjODdkMGMtNmY2YS00OGM2LThiY2YtZGYyNzE4Nzc2ODA0XkEyXkFqcGc@._V1_.jpg","Acción, Drama, Ciencia ficción",8.1,897797,"16",8220,"Dirección:  | Reparto principal:  /  /  / "
"tt0075148","Rocky",1976,"https://m.media-amazon.com/images/M/MV5BZDEyY2M2MGMtYjg5OC00ZWFjLWFkZDQtNmQzZTdiYmYzZTBkXkEyXkFqcGc@._V1_.jpg","Drama, Deporte",8.1,665811,"18",7200,"Dirección:  | Reparto principal:  /  /  / "
"tt0050986","Fresas salvajes",1957,"https://m.media-amazon.com/images/M/MV5BZWQ5MDllM2EtZWRmNS00MmZiLWI4ZWQtMjRiY2Q5MTAxODY4XkEyXkFqcGc@._V1_.jpg","Drama, Romance",8.1,121534,"7",5520,"Dirección:  | Reparto principal:  /  /  / "
"tt0046438","Cuentos de Tokio",1953,"https://m.media-amazon.com/images/M/MV5BZWZlY2Y5YzMtODc0Mi00NTlhLTk3OTYtMmFiZWM3Mjk0MTk4XkEyXkFqcGc@._V1_.jpg","Drama",8.1,74927,"A",8220,"Dirección:  | Reparto principal:  /  /  / "
"tt0041959","El tercer hombre",1949,"https://m.media-amazon.com/images/M/MV5BNTA3YWNlZjEtNmVkZS00Y2I4LWI3NjgtYzI2OTVhZGVlNzNhXkEyXkFqcGc@._V1_.jpg","Drama, Cine negro, Misterio",8.1,190944,"A",6240,"Dirección:  | Reparto principal:  /  /  / "
"tt1895587","Spotlight",2015,"https://m.media-amazon.com/images/M/MV5BZmQ3OGM0MzYtMTUxNi00YzYyLWEyYjEtNmNiZWVjMzMwMTkwXkEyXkFqcGc@._V1_.jpg","Biografía, Crimen, Drama",8.1,522239,"12",7740,"Dirección:  | Reparto principal:  /  /  / "
"tt0325980","Piratas del Caribe: La maldición de la Perla Negra",2003,"https://m.media-amazon.com/images/M/MV5BNGVlZmE3ZWUtODUxMS00YjE4LWIzMjAtNGQwZTBiZjM4OTliXkEyXkFqcGc@._V1_.jpg","Acción, Aventura, Fantasía",8.1,1277383,"7",8580,"Dirección:  | Reparto principal:  /  /  / "
"tt26548265","Maharaja",2024,"https://m.media-amazon.com/images/M/MV5BOTFlMTIxOGItZTk0Zi00MTk2LWJiM2UtMzlhZWYzNjQ4N2Y3XkEyXkFqcGc@._V1_.jpg","Acción, Crimen, Drama",8.4,71883,"",8460,"Dirección:  | Reparto principal:  /  /  / "
"tt0088247","Terminator",1984,"https://m.media-amazon.com/images/M/MV5BMjllZWY0OGEtNWY4MC00MTAxLWJmZDgtYTIwZjg0ZmViZDViXkEyXkFqcGc@._V1_.jpg","Acción, Aventura, Ciencia ficción",8.1,972199,"18",6420,"Dirección:  | Reparto principal:  /  /  / "
"tt0118715","El gran Lebowski",1998,"https://m.media-amazon.com/images/M/MV5BMjI1ODdiN2EtODM5Zi00MTU0LWFjOGEtOGRmY2Y4MmZlYzhlXkEyXkFqcGc@._V1_.jpg","Comedia, Crimen",8.1,895745,"13",7020,"Dirección:  /  | Reparto principal:  /  /  / "
"tt0113247","El odio",1995,"https://m.media-amazon.com/images/M/MV5BNzY5YzNmNzMtNWI2OS00OWQwLWIzNWMtODE0YzJlMDIxMWE5XkEyXkFqcGc@._V1_.jpg","Crimen, Drama",8.1,214669,"18",5880,"Dirección:  | Reparto principal:  /  /  / "
"tt0050976","El séptimo sello",1957,"https://m.media-amazon.com/images/M/MV5BZDlmYTkzOWUtODQ0MS00MmM4LWE3ZjMtYTEwNGUwMmJkYzIxXkEyXkFqcGc@._V1_.jpg","Drama, Fantasía",8.1,210396,"16",5760,"Dirección:  | Reparto principal:  /  /  / "
"tt3170832","La habitación",2015,"https://m.media-amazon.com/images/M/MV5BNGJmYWFkYjQtNzU5MS00OThjLThiNzEtYTgwZWE3YzMwYmUxXkEyXkFqcGc@._V1_.jpg","Drama, Suspense",8.1,470559,"12",7080,"Dirección:  | Reparto principal:  /  /  / "
"tt15097216","Jai Bhim",2021,"https://m.media-amazon.com/images/M/MV5BZjEyNDIzNmEtMjdkYS00ZDAwLTljOWYtNDRhYTVhYTlmOTk1XkEyXkFqcGc@._V1_.jpg","Crimen, Drama",8.6,227819,"Not Rated",9840,"Dirección:  | Reparto principal:  /  /  / "
"tt0395169","Hotel Rwanda",2004,"https://m.media-amazon.com/images/M/MV5BY2FmMWRmZmQtN2IzMS00OGVmLWFmNjktMTM0YWQzODcwYTEwXkEyXkFqcGc@._V1_.jpg","Biografía, Drama, Historia",8.1,385605,"13",7260,"Dirección:  | Reparto principal:  /  /  / "
"tt0091763","Platoon",1986,"https://m.media-amazon.com/images/M/MV5BMzFmNmIzOGYtOGYwOS00NDA5LTg1ZDUtMDI5ZGU0MDJkNDVjXkEyXkFqcGc@._V1_.jpg","Drama, Bélico",8.1,459399,"18",7200,"Dirección:  | Reparto principal:  /  /  / "
"tt0036868","Los mejores años de nuestra vida",1946,"https://m.media-amazon.com/images/M/MV5BN2YzODE5YzgtNTQ5MS00ZmVjLTkxZjktN2M0ODBiYTNjNmYyXkEyXkFqcGc@._V1_.jpg","Drama, Romance, Bélico",8.1,75415,"A",10200,"Dirección:  | Reparto principal:  /  /  / "
"tt0381681","Antes del atardecer",2004,"https://m.media-amazon.com/images/M/MV5BMTQ1MjAwNTM5Ml5BMl5BanBnXkFtZTYwNDM0MTc3._V1_.jpg","Drama, Romance",8.1,304853,"13",4800,"Dirección:  | Reparto principal:  /  /  / "
"tt0059742","Sonrisas y lágrimas",1965,"https://m.media-amazon.com/images/M/MV5BMTM2Y2QzNzUtODI5Zi00NmEzLWEyOWUtMDhhOGU4NGFkOTYyXkEyXkFqcGc@._V1_.jpg","Biografía, Drama, Familiar",8.1,279203,"A",10320,"Dirección:  | Reparto principal:  /  /  / "
"tt0070047","El exorcista",1973,"https://m.media-amazon.com/images/M/MV5BZjg3YjE4ZjAtYTdmYS00ZTBkLWE1ZjgtNzAzODUwNzRiYjlmXkEyXkFqcGc@._V1_.jpg","Terror",8.1,481838,"18",7320,"Dirección:  | Reparto principal:  /  /  / "
"tt0317705","Los Increíbles",2004,"https://m.media-amazon.com/images/M/MV5BNGNhMDYxNjktZjM1OS00MjI4LTgxYTAtZjIzODQ4NDVjYzU4XkEyXkFqcGc@._V1_.jpg","Animación, Acción, Aventura",8,863625,"A",6900,"Dirección:  | Reparto principal:  /  /  / "
"tt1028532","Siempre a tu lado (Hachiko)",2009,"https://m.media-amazon.com/images/M/MV5BYjkxMjdlNjItZGEzMy00ZDAwLTg3MGEtZWYzYjAyZTdkYjAyXkEyXkFqcGc@._V1_.jpg","Biografía, Drama, Familiar",8.1,331244,"A",5580,"Dirección:  | Reparto principal:  /  /  / "
"tt0032138","El mago de Oz",1939,"https://m.media-amazon.com/images/M/MV5BN2Y2ZjUzMDMtZDBkNS00OGE3LTk1NTEtZmRmODJlNzIxNDhiXkEyXkFqcGc@._V1_.jpg","Aventura, Familiar, Fantasía",8.1,453785,"16",6120,"Dirección:  /  /  /  /  | Reparto principal:  /  /  / "
"tt1979320","Rush",2013,"https://m.media-amazon.com/images/M/MV5BZTQ5NTIyNTEtMDlkNy00MTdmLWJlODktZjQ0NTU4ZjcyMDA3XkEyXkFqcGc@._V1_.jpg","Biografía, Drama, Deporte",8.1,540597,"12",7380,"Dirección:  | Reparto principal:  /  /  / "
"tt0019254","La pasión de Juana de Arco",1928,"https://m.media-amazon.com/images/M/MV5BNTE1MDliZjgtYTU2Yy00YjAxLTljYTItNDE2ZGYwYTY1MGQ1XkEyXkFqcGc@._V1_.jpg","Biografía, Drama, Historia",8.1,65849,"13",6600,"Dirección:  | Reparto principal:  /  /  / "
"tt0092005","Cuenta conmigo",1986,"https://m.media-amazon.com/images/M/MV5BMjc4OTViZGEtNmIwYi00ZGM0LTliNTAtMTliNDhjMGE3NTE2XkEyXkFqcGc@._V1_.jpg","Aventura, Comedia, Drama",8.1,468687,"A",5340,"Dirección:  | Reparto principal:  /  /  / "
"tt0476735","Mi padre y mi hijo",2005,"https://m.media-amazon.com/images/M/MV5BZDE3MTBkNmQtNGFjMC00YTcwLWExY2ItN2MyMGZkNWJlMmFmXkEyXkFqcGc@._V1_.jpg","Drama, Familiar",8.2,98158,"Not Rated",6720,"Dirección:  | Reparto principal:  /  /  / "
"tt5323662","A Silent Voice",2016,"https://m.media-amazon.com/images/M/MV5BNTY4ZWIxNTctYmFlOC00YjI5LThjN2ItZDllMzIxYjQ3Y2ViXkEyXkFqcGc@._V1_.jpg","Animación, Drama",8.1,124944,"16",7800,"Dirección:  | Reparto principal:  /  /  / "
"tt0129167","El gigante de hierro",1999,"https://m.media-amazon.com/images/M/MV5BYzVmNmZmM2EtMWJiZi00ZmFiLTljMjEtYjk3OWYyZWZhNmI0XkEyXkFqcGc@._V1_.jpg","Animación, Acción, Aventura",8.1,248001,"A",5160,"Dirección:  | Reparto principal:  /  /  / "
"tt0074958","Network, un mundo implacable",1976,"https://m.media-amazon.com/images/M/MV5BZjI4ZjU5NDktZTU5YS00ZmQxLWI5YWYtMTJhY2ViMTcwMmJkXkEyXkFqcGc@._V1_.jpg","Drama",8.1,180911,"18",7260,"Dirección:  | Reparto principal:  /  /  / "
"tt4016934","La doncella",2016,"https://m.media-amazon.com/images/M/MV5BNTE4MTFkMWYtZDE4ZC00NDg2LTg5MzYtMTU2ZWExMGIyMWQ5XkEyXkFqcGc@._V1_.jpg","Drama, Romance, Suspense",8.1,191216,"16",8700,"Dirección:  | Reparto principal:  /  /  / "
"tt0058946","La batalla de Argel",1966,"https://m.media-amazon.com/images/M/MV5BYTEyYWEzZmMtYTMyNi00NDI0LWIzZTAtOTE1NDIzOTQxNjJiXkEyXkFqcGc@._V1_.jpg","Drama, Bélico",8.1,71957,"18",7260,"Dirección:  | Reparto principal:  /  /  / "
"tt0032551","Las uvas de la ira",1940,"https://m.media-amazon.com/images/M/MV5BMjc4N2RjNWYtYTA2YS00NzA3LWJhNmEtNTJmYmY4ZmJlMzQ1XkEyXkFqcGc@._V1_.jpg","Drama",8.1,105958,"A",7740,"Dirección:  | Reparto principal:  /  /  / "
"tt0035446","Ser o no ser",1942,"https://m.media-amazon.com/images/M/MV5BMjM0ZGQ0YTYtOTc4Ny00ZDc2LWE2NTUtMTJiYmVlZWIxOTY3XkEyXkFqcGc@._V1_.jpg","Comedia, Romance, Bélico",8.1,47733,"14",5940,"Dirección:  | Reparto principal:  /  /  / "
"tt0758758","Hacia rutas salvajes",2007,"https://m.media-amazon.com/images/M/MV5BYmVmYmVmNzMtZTk3YS00ZjRlLTk0ZmItNGNlMjZkZWUxN2QxXkEyXkFqcGc@._V1_.jpg","Aventura, Biografía, Drama",8,682816,"7",8880,"Dirección:  | Reparto principal:  /  /  / "
"tt0107048","Atrapado en el tiempo",1993,"https://m.media-amazon.com/images/M/MV5BMjJiY2NhMTAtNDcyMS00NjU1LWE1ODAtYzc5MTE3MTE5ZTFkXkEyXkFqcGc@._V1_.jpg","Comedia, Drama, Fantasía",8,721422,"T",6060,"Dirección:  | Reparto principal:  /  /  / "
"tt1454029","Criadas y señoras",2011,"https://m.media-amazon.com/images/M/MV5BYjQ0ZDQyNTItNDZmZS00ZmVlLTk4NzktOGM2NGQ1NzM4MjVkXkEyXkFqcGc@._V1_.jpg","Drama",8.1,516412,"A",8760,"Dirección:  | Reparto principal:  /  /  / "
"tt1954470","Gangs of Wasseypur",2012,"https://m.media-amazon.com/images/M/MV5BMTc5NjY4MjUwNF5BMl5BanBnXkFtZTgwODM3NzM5MzE@._V1_.jpg","Acción, Comedia, Crimen",8.2,109017,"16",19260,"Dirección:  | Reparto principal:  /  /  / "
"tt4430212","Drishyam",2015,"https://m.media-amazon.com/images/M/MV5BM2NmMGFjYTYtNWEwNS00MTM4LWE2ZTktNzZjMTE0OTQyNjFiXkEyXkFqcGc@._V1_.jpg","Crimen, Drama, Misterio",8.2,102729,"Not Rated",9780,"Dirección:  | Reparto principal:  /  /  / "
"tt11032374","Guardianes de la noche - Kimetsu no Yaiba - La película: Tren Infinito",2020,"https://m.media-amazon.com/images/M/MV5BZWEyNGI0ZDMtZTI0Yi00OTU5LWJjNGYtODFhNjdhMDg4MGJlXkEyXkFqcGc@._V1_.jpg","Animación, Acción, Aventura",8.2,86542,"16",7020,"Dirección:  | Reparto principal:  /  /  / "